index,Job Title,Role Type,Salary Estimate,Min Salary,Max Salary,Rating,Company Name,Location,Location Correction 1,State Abbreviation,State Full Name,State Abbr,Headquarters,Size,MinCompanySize,MaxCompanySize,Founded,Type of ownership,Industry,Sector,Revenue,Competitors
3,Data Scientist,Data Scientist,$137K-$171K ,$137,$171,3.5,INFICON,"Newton, MA",Newton,MA,Massachusetts,MA,"Bad Ragaz, Switzerland",501 to 1000 employees,501,1000,2000,Company - Public,Electrical & Electronic Manufacturing,Manufacturing,$100 to $500 million (USD),"MKS Instruments, Pfeiffer Vacuum, Agilent Technologies"
51,Data Scientist,Data Scientist,$75K-$131K ,$75,$131,3.7,Takeda,"Cambridge, MA",Cambridge,MA,Massachusetts,MA,"OSAKA, Japan",10000+ employees,10000+,10000+,1781,Company - Public,Biotech & Pharmaceuticals,Biotech & Pharmaceuticals,$10+ billion (USD),"Novartis, Baxter, Pfizer"
210,Data Scientist,Data Scientist,$79K-$106K ,$79,$106,3.4,Dice.com,"Newton, MA",Newton,MA,Massachusetts,MA,"Denver, CO",201 to 500 employees,201,500,1990,Subsidiary or Business Segment,Staffing & Outsourcing,Business Services,$100 to $500 million (USD),"Monster Worldwide, CareerBuilder, Craigslist"
8,Staff Data Scientist - Analytics,Data Scientist,$137K-$171K ,$137,$171,4.4,Intuit - Data,"San Diego, CA",San Diego,CA,California,CA,"Mountain View, CA",5001 to 10000 employees,5001,10000,1983,Company - Public,Computer Hardware & Software,Information Technology,$2 to $5 billion (USD),"Square, PayPal, H&R Block"
39,Senior Analyst/Data Scientist,Data Scientist,$75K-$131K ,$75,$131,3.4,Edmunds.com,"Santa Monica, CA",Santa Monica,CA,California,CA,"Santa Monica, CA",501 to 1000 employees,501,1000,1966,Company - Private,Internet,Information Technology,$100 to $500 million (USD),"TrueCar, Cars.com, Kelley Blue Book"
57,Product Data Scientist - Ads Data Science,Data Scientist,$75K-$131K ,$75,$131,4.1,Twitter,"San Francisco, CA",San Francisco,CA,California,CA,"San Francisco, CA",1001 to 5000 employees,1001,5000,2006,Company - Public,Internet,Information Technology,$2 to $5 billion (USD),"Facebook, Google, Pinterest"
64,Global Data Analyst,Data Analyst,$79K-$131K ,$79,$131,3.8,Dermalogica,"Carson, CA",Carson,CA,California,CA,"Carson, CA",201 to 500 employees,201,500,1986,Subsidiary or Business Segment,Consumer Products Manufacturing,Manufacturing,$100 to $500 million (USD),"IMAGE Skincare, Aveda, Kiehl's"
67,Data Scientist,Data Scientist,$79K-$131K ,$79,$131,4,Grid Dynamics,"Santa Clara, CA",Santa Clara,CA,California,CA,"San Ramon, CA",1001 to 5000 employees,1001,5000,2006,Company - Private,Enterprise Software & Network Solutions,Information Technology,$50 to $100 million (USD),"Luxoft, EPAM, Capgemini Invent"
95,Staff Data Scientist - Analytics,Data Scientist,$99K-$132K ,$99,$132,4.4,Intuit - Data,"San Diego, CA",San Diego,CA,California,CA,"Mountain View, CA",5001 to 10000 employees,5001,10000,1983,Company - Public,Computer Hardware & Software,Information Technology,$2 to $5 billion (USD),"Square, PayPal, H&R Block"
104,Staff Data Scientist,Data Scientist,$99K-$132K ,$99,$132,4.4,Intuit - Data,"San Diego, CA",San Diego,CA,California,CA,"Mountain View, CA",5001 to 10000 employees,5001,10000,1983,Company - Public,Computer Hardware & Software,Information Technology,$2 to $5 billion (USD),"Square, PayPal, H&R Block"
160,Data Scientist,Data Scientist,$101K-$165K ,$101,$165,4.5,Demandbase,"San Francisco, CA",San Francisco,CA,California,CA,"San Francisco, CA",201 to 500 employees,201,500,2006,Company - Private,Computer Hardware & Software,Information Technology,$100 to $500 million (USD),"Engagio, Bombora, Terminus"
172,Data Scientist,Data Scientist,$101K-$165K ,$101,$165,4.7,C3.ai,"Redwood City, CA",Redwood City,CA,California,CA,"Redwood City, CA",201 to 500 employees,201,500,2009,Company - Private,Enterprise Software & Network Solutions,Information Technology,$100 to $500 million (USD),"GE Digital, Palantir Technologies, Uptake"
174,Data Analyst,Data Analyst,$101K-$165K ,$101,$165,3.3,Midland Credit Management,"San Diego, CA",San Diego,CA,California,CA,"San Diego, CA",1001 to 5000 employees,1001,5000,1953,Subsidiary or Business Segment,Banks & Credit Unions,Finance,$1 to $2 billion (USD),PRA Group
186,Production Engineer - Statistics/Data Analysis,Other,$56K-$97K ,$56,$97,3.9,Natera,"San Carlos, CA",San Carlos,CA,California,CA,"San Carlos, CA",501 to 1000 employees,501,1000,2004,Company - Public,Biotech & Pharmaceuticals,Biotech & Pharmaceuticals,$100 to $500 million (USD),"Genomic Health, 23andMe, Illumina"
98,Senior Data Scientist,Data Scientist,$99K-$132K ,$99,$132,3.8,GutCheck,"Denver, CO",Denver,CO,Colorado,CO,"Denver, CO",51 to 200 employees,51,200,2009,Company - Private,Advertising & Marketing,Business Services,$10 to $25 million (USD),"Nielsen, Zappi, SurveyMonkey"
99,Applied Technology Researcher / Data Scientist,Data Scientist,$99K-$132K ,$99,$132,3.5,Inter-American Development Bank,"Washington, DC",Washington,DC,District of Columbia,DC,"Washington, DC",1001 to 5000 employees,1001,5000,1959,Other Organization,Banks & Credit Unions,Finance,$10+ billion (USD),"The World Bank, IMF"
70,Data Engineer (Remote),Data Engineer,$79K-$131K ,$79,$131,4.2,IZEA,"Winter Park, FL",Winter Park,FL,Florida,FL,"Winter Park, FL",51 to 200 employees,51,200,2006,Company - Public,Advertising & Marketing,Business Services,$25 to $50 million (USD),"Linqia, Collective Bias"
123,Data Engineer,Data Engineer,$99K-$132K ,$99,$132,4.2,IZEA,"Winter Park, FL",Winter Park,FL,Florida,FL,"Winter Park, FL",51 to 200 employees,51,200,2006,Company - Public,Advertising & Marketing,Business Services,$25 to $50 million (USD),"Linqia, Collective Bias"
128,Data Engineer,Data Engineer,$90K-$109K ,$90,$109,4.2,IZEA,"Winter Park, FL",Winter Park,FL,Florida,FL,"Winter Park, FL",51 to 200 employees,51,200,2006,Company - Public,Advertising & Marketing,Business Services,$25 to $50 million (USD),"Linqia, Collective Bias"
73,Business Data Analyst,Data Analyst,$79K-$131K ,$79,$131,3.7,Caterpillar,"Peoria, IL",Peoria,IL,Illinois,IL,"Deerfield, IL",10000+ employees,10000+,10000+,1925,Company - Public,Industrial Manufacturing,Manufacturing,$10+ billion (USD),"John Deere, Komatsu, CNH Industrial"
170,Data Scientist,Data Scientist,$101K-$165K ,$101,$165,3.4,Kelly,"Chicago, IL",Chicago,IL,Illinois,IL,"Troy, MI",5001 to 10000 employees,5001,10000,1946,Company - Public,Staffing & Outsourcing,Business Services,$5 to $10 billion (USD),"Adecco, ManpowerGroup, Allegis Corporation"
10,Data Scientist,Data Scientist,$137K-$171K ,$137,$171,4.5,Novetta,"Herndon, VA",Herndon,VA,Virginia,VA,"Mc Lean, VA",501 to 1000 employees,501,1000,2012,Company - Private,Enterprise Software & Network Solutions,Information Technology,$100 to $500 million (USD),"Leidos, CACI International, Booz Allen Hamilton"
109,Data Scientist,Data Scientist,$99K-$132K ,$99,$132,3.7,SAIC,"Chantilly, VA",Chantilly,VA,Virginia,VA,"Reston, VA",10000+ employees,10000+,10000+,2013,Company - Public,Enterprise Software & Network Solutions,Information Technology,$5 to $10 million (USD),"Booz Allen Hamilton, CACI International"
114,Data Scientist,Data Scientist,$99K-$132K ,$99,$132,4,Noblis,"Reston, VA",Reston,VA,Virginia,VA,"Reston, VA",1001 to 5000 employees,1001,5000,1996,Nonprofit Organization,Consulting,Business Services,$100 to $500 million (USD),"Booz Allen Hamilton, SAIC, LMI"
122,Senior Data Scientist,Data Scientist,$99K-$132K ,$99,$132,4.5,Novetta,"Herndon, VA",Herndon,VA,Virginia,VA,"Mc Lean, VA",501 to 1000 employees,501,1000,2012,Company - Private,Enterprise Software & Network Solutions,Information Technology,$100 to $500 million (USD),"Leidos, CACI International, Booz Allen Hamilton"
143,AI Data Scientist,Data Scientist,$90K-$109K ,$90,$109,3.3,MITRE,"McLean, VA",McLean,VA,Virginia,VA,"Bedford, MA",5001 to 10000 employees,5001,10000,1958,Nonprofit Organization,Federal Agencies,Government,$1 to $2 billion (USD),"Battelle, General Atomics, SAIC"
156,Data Scientist,Data Scientist,$101K-$165K ,$101,$165,4.5,Novetta,"Herndon, VA",Herndon,VA,Virginia,VA,"Mc Lean, VA",501 to 1000 employees,501,1000,2012,Company - Private,Enterprise Software & Network Solutions,Information Technology,$100 to $500 million (USD),"Leidos, CACI International, Booz Allen Hamilton"
188,Computational Behavioral Scientist,Other,$56K-$97K ,$56,$97,4.2,Ntrepid,"Herndon, VA",Herndon,VA,Virginia,VA,"Herndon, VA",201 to 500 employees,201,500,2010,Company - Private,IT Services,Information Technology,$50 to $100 million (USD),"Bromium, FireEye, Authentic8"
202,Machine Learning Engineer,Machine Learning Engineer,$79K-$106K ,$79,$106,3.7,Mteq,"Fort Belvoir, VA",Fort Belvoir,VA,Virginia,VA,"Lorton, VA",501 to 1000 employees,501,1000,1954,Company - Public,Aerospace & Defense,Aerospace & Defense,$100 to $500 million (USD),"Harris, Fibertek"
206,Data Science Instructor,Other,$79K-$106K ,$79,$106,4.5,Novetta,"Herndon, VA",Herndon,VA,Virginia,VA,"Mc Lean, VA",501 to 1000 employees,501,1000,2012,Company - Private,Enterprise Software & Network Solutions,Information Technology,$100 to $500 million (USD),"Leidos, CACI International, Booz Allen Hamilton"
60,Data Analyst,Data Analyst,$75K-$131K ,$75,$131,3.8,Swiss Re,"Fort Wayne, IN",Fort Wayne,IN,Indiana,IN,"Zurich, Switzerland",10000+ employees,10000+,10000+,1863,Company - Public,Insurance Agencies & Brokerages,Insurance,$10+ billion (USD),"Munich Re, Hannover RE, SCOR"
75,Data Analyst,Data Analyst,$79K-$131K ,$79,$131,3.4,Allied Solutions,"Carmel, IN",Carmel,IN,Indiana,IN,"Carmel, IN",1001 to 5000 employees,1001,5000,2001,Subsidiary or Business Segment,Insurance Agencies & Brokerages,Insurance,$100 to $500 million (USD),"CUNA Mutual, SWBC, Overby-Seawell"
80,"Real World Science, Data Scientist",Data Scientist,$79K-$131K ,$79,$131,4,AstraZeneca,"Gaithersburg, MD",Gaithersburg,MD,Maryland,MD,"Cambridge, United Kingdom",10000+ employees,10000+,10000+,1913,Company - Public,Biotech & Pharmaceuticals,Biotech & Pharmaceuticals,$10+ billion (USD),"Roche, GlaxoSmithKline, Novartis"
90,Patient Safety- Associate Data Scientist,Data Scientist,$79K-$131K ,$79,$131,4,AstraZeneca,"Gaithersburg, MD",Gaithersburg,MD,Maryland,MD,"Cambridge, United Kingdom",10000+ employees,10000+,10000+,1913,Company - Public,Biotech & Pharmaceuticals,Biotech & Pharmaceuticals,$10+ billion (USD),"Roche, GlaxoSmithKline, Novartis"
119,Data Engineer,Data Engineer,$99K-$132K ,$99,$132,4.8,GetWellNetwork,"Bethesda, MD",Bethesda,MD,Maryland,MD,"Bethesda, MD",201 to 500 employees,201,500,2000,Company - Private,Health Care Services & Hospitals,Health Care,$50 to $100 million (USD),"Epic, CipherHealth"
145,Research Scientist Patient Preferences (Remote),Other,$90K-$109K ,$90,$109,3.8,Evidera,"Bethesda, MD",Bethesda,MD,Maryland,MD,"Bethesda, MD",501 to 1000 employees,501,1000,2013,Subsidiary or Business Segment,Biotech & Pharmaceuticals,Biotech & Pharmaceuticals,$100 to $500 million (USD),"IQVIA, ICON"
180,Research Scientist - Patient-Centered Research (Remote),Other,$56K-$97K ,$56,$97,3.8,Evidera,"Bethesda, MD",Bethesda,MD,Maryland,MD,"Bethesda, MD",501 to 1000 employees,501,1000,2013,Subsidiary or Business Segment,Biotech & Pharmaceuticals,Biotech & Pharmaceuticals,$100 to $500 million (USD),"IQVIA, ICON"
192,Principal Data Scientist,Data Scientist,$56K-$97K ,$56,$97,4,AstraZeneca,"Gaithersburg, MD",Gaithersburg,MD,Maryland,MD,"Cambridge, United Kingdom",10000+ employees,10000+,10000+,1913,Company - Public,Biotech & Pharmaceuticals,Biotech & Pharmaceuticals,$10+ billion (USD),"Roche, GlaxoSmithKline, Novartis"
12,"Data Scientist - Statistics, Early Career",Data Scientist,$137K-$171K ,$137,$171,3.7,PNNL,"Richland, WA",Richland,WA,Washington,WA,"Richland, WA",1001 to 5000 employees,1001,5000,1965,Government,Energy,"Oil, Gas, Energy & Utilities",$500 million to $1 billion (USD),"Oak Ridge National Laboratory, National Renewable Energy Lab, Los Alamos National Laboratory"
177,"Data Scientist - Statistics, Early Career",Data Scientist,$56K-$97K ,$56,$97,3.7,PNNL,"Richland, WA",Richland,WA,Washington,WA,"Richland, WA",1001 to 5000 employees,1001,5000,1965,Government,Energy,"Oil, Gas, Energy & Utilities",$500 million to $1 billion (USD),"Oak Ridge National Laboratory, National Renewable Energy Lab, Los Alamos National Laboratory"
164,Computational Scientist,Other,$101K-$165K ,$101,$165,3.4,General Dynamics Information Technology,"Vicksburg, MS",Vicksburg,MS,Mississippi,MS,"Fairfax, VA",10000+ employees,10000+,10000+,1996,Subsidiary or Business Segment,IT Services,Information Technology,$10+ billion (USD),"SAIC, Leidos, Northrop Grumman"
18,Data Analyst II,Data Analyst,$137K-$171K ,$137,$171,4.2,"Insight Enterprises, Inc.","Plano, TX",Plano,TX,Texas,TX,"Tempe, AZ",5001 to 10000 employees,5001,10000,1988,Company - Public,Enterprise Software & Network Solutions,Information Technology,$5 to $10 billion (USD),"CDW, PCM, SHI International"
196,"Health Plan Data Analyst, Sr",Data Analyst,$56K-$97K ,$56,$97,3.8,Cook Children's Health Care System,"Fort Worth, TX",Fort Worth,TX,Texas,TX,"Fort Worth, TX",5001 to 10000 employees,5001,10000,1918,Nonprofit Organization,Health Care Services & Hospitals,Health Care,$100 to $500 million (USD),"Children's Health, Texas Health Resources, Baylor Scott & White Health"
82,Data Engineer,Data Engineer,$79K-$131K ,$79,$131,4.7,Object Partners,"Saint Louis, MO",Saint Louis,MO,Missouri,MO,"Minneapolis, MN",51 to 200 employees,51,200,1996,Company - Private,Consulting,Business Services,$25 to $50 million (USD),"Solution Design Group, Intertech (Minnesota)"
21,Data Scientist/Machine Learning,Data Scientist,$137K-$171K ,$137,$171,4.3,PulsePoint,"New York, NY",New York,NY,New York,NY,"New York, NY",51 to 200 employees,51,200,2011,Company - Private,Internet,Information Technology,$100 to $500 million (USD),"Crossix Solutions Inc., AppNexus, The Trade Desk"
194,Senior Data Scientist - R&D Oncology,Data Scientist,$56K-$97K ,$56,$97,4,AstraZeneca,"New York, NY",New York,NY,New York,NY,"Cambridge, United Kingdom",10000+ employees,10000+,10000+,1913,Company - Public,Biotech & Pharmaceuticals,Biotech & Pharmaceuticals,$10+ billion (USD),"Roche, GlaxoSmithKline, Novartis"
41,Machine Learning Engineer,Machine Learning Engineer,$75K-$131K ,$75,$131,3.4,Liberty Mutual Insurance,"Portsmouth, NH",Portsmouth,NH,New Hampshire,NH,"Boston, MA",10000+ employees,10000+,10000+,1912,Company - Private,Insurance Carriers,Insurance,$10+ billion (USD),"Travelers, Allstate, State Farm"
23,Business Intelligence Analyst I- Data Insights,Other,$137K-$171K ,$137,$171,3.5,Guardian Life,"Appleton, WI",Appleton,WI,Wisconsin,WI,"New York, NY",5001 to 10000 employees,5001,10000,1860,Company - Private,Insurance Carriers,Insurance,$5 to $10 billion (USD),Northwestern Mutual
146,Data Scientist,Data Scientist,$90K-$109K ,$90,$109,3.4,Plymouth Rock Assurance,"Woodbridge, NJ",Woodbridge,NJ,New Jersey,NJ,"Boston, MA",1001 to 5000 employees,1001,5000,1982,Company - Private,Insurance Carriers,Insurance,$10 to $25 million (USD),"Arbella Insurance, Safety Insurance"
214,ENGINEER - COMPUTER SCIENTIST - RESEARCH COMPUTER SCIENTIST - SIGNAL PROCESSING - SAN ANTONIO OR,Other,$79K-$106K ,$79,$106,3.9,Southwest Research Institute,"Oklahoma City, OK",Oklahoma City,OK,Oklahoma,OK,"San Antonio, TX",1001 to 5000 employees,1001,5000,1947,Nonprofit Organization,Research & Development,Business Services,$500 million to $1 billion (USD),"Los Alamos National Laboratory, Battelle, SRI International"
169,Sr Data Analyst,Data Analyst,$101K-$165K ,$101,$165,2.3,United BioSource,"Blue Bell, PA",Blue Bell,PA,Pennsylvania,PA,"Blue Bell, PA",1001 to 5000 employees,1001,5000,2003,Other Organization,Biotech & Pharmaceuticals,Biotech & Pharmaceuticals,$100 to $500 million (USD),"Covance, ICON"
215,AI Ops Data Scientist,Data Scientist,$79K-$106K ,$79,$106,4,AstraZeneca,"Gaithersburg, MD",Gaithersburg,MD,Maryland,MD,"Cambridge, United Kingdom",10000+ employees,10000+,10000+,1913,Company - Public,Biotech & Pharmaceuticals,Biotech & Pharmaceuticals,$10+ billion (USD),"Roche, GlaxoSmithKline, Novartis"
216,"Intelligence Data Analyst, Senior",Data Analyst,$79K-$106K ,$79,$106,4.3,The Buffalo Group,"Fort Belvoir, VA",Fort Belvoir,VA,Virginia,VA,"Reston, VA",501 to 1000 employees,501,1000,2010,Company - Private,IT Services,Information Technology,$100 to $500 million (USD),"ManTech, Booz Allen Hamilton, Leidos"
221,Data Scientist/Machine Learning,Data Scientist,$71K-$123K ,$71,$123,4.3,PulsePoint,"New York, NY",New York,NY,New York,NY,"New York, NY",51 to 200 employees,51,200,2011,Company - Private,Internet,Information Technology,$100 to $500 million (USD),"Crossix Solutions Inc., AppNexus, The Trade Desk"
231,Research Scientist - Patient-Centered Research (Remote),Other,$71K-$123K ,$71,$123,3.8,Evidera,"Bethesda, MD",Bethesda,MD,Maryland,MD,"Bethesda, MD",501 to 1000 employees,501,1000,2013,Subsidiary or Business Segment,Biotech & Pharmaceuticals,Biotech & Pharmaceuticals,$100 to $500 million (USD),"IQVIA, ICON"
235,Data Scientist,Data Scientist,$71K-$123K ,$71,$123,3.3,II-VI Incorporated,"Champaign, IL",Champaign,IL,Illinois,IL,"Saxonburg, PA",10000+ employees,10000+,10000+,1971,Company - Public,Telecommunications Manufacturing,Telecommunications,$1 to $2 billion (USD),"Lumentum Operations, Keysight Technologies, O-Net Technologies"
237,Data Scientist,Data Scientist,$71K-$123K ,$71,$123,3.8,PayPal,Texas,,TX,Texas,TX,"San Jose, CA",10000+ employees,10000+,10000+,1998,Company - Public,Internet,Information Technology,$10+ billion (USD),"Square, Amazon, Apple"
245,Data Scientist,Data Scientist,$90K-$124K ,$90,$124,3.7,Sanofi,"Cambridge, MA",Cambridge,MA,Massachusetts,MA,"Paris, France",10000+ employees,10000+,10000+,1973,Company - Public,Biotech & Pharmaceuticals,Biotech & Pharmaceuticals,$10+ billion (USD),"Pfizer, GlaxoSmithKline"
246,Data Scientist,Data Scientist,$90K-$124K ,$90,$124,3.7,XPO Logistics,"Lebanon, IN",Lebanon,IN,Indiana,IN,"Greenwich, CT",10000+ employees,10000+,10000+,2011,Company - Public,Transportation Management,Transportation & Logistics,$10+ billion (USD),"DHL Supply Chain, UPS, FedEx"
249,Computer Scientist 1,Other,$90K-$124K ,$90,$124,4.2,Rincon Research Corporation,"Melbourne, FL",Melbourne,FL,Florida,FL,"Tucson, AZ",201 to 500 employees,201,500,1983,Company - Private,Aerospace & Defense,Aerospace & Defense,$50 to $100 million (USD),"Raytheon Technologies, General Dynamics, MIT Lincoln Laboratory"
252,Data Scientist,Data Scientist,$90K-$124K ,$90,$124,3.3,Parker Hannifin,"Cleveland, OH",Cleveland,OH,Ohio,OH,"Cleveland, OH",10000+ employees,10000+,10000+,1917,Company - Public,Industrial Manufacturing,Manufacturing,$10+ billion (USD),"Eaton, SMC Corporation, Bosch Rexroth"
257,Computational Behavioral Scientist,Other,$90K-$124K ,$90,$124,4.2,Ntrepid,"Herndon, VA",Herndon,VA,Virginia,VA,"Herndon, VA",201 to 500 employees,201,500,2010,Company - Private,IT Services,Information Technology,$50 to $100 million (USD),"Bromium, FireEye, Authentic8"
264,"Data Scientist - Statistics, Mid-Career",Data Scientist,$91K-$150K ,$91,$150,3.7,Pacific Northwest National Laboratory,"Richland, WA",Richland,WA,Washington,WA,"Richland, WA",1001 to 5000 employees,1001,5000,1965,Government,Energy,"Oil, Gas, Energy & Utilities",$500 million to $1 billion (USD),"Oak Ridge National Laboratory, National Renewable Energy Lab, Los Alamos National Laboratory"
268,Data Scientist,Data Scientist,$91K-$150K ,$91,$150,3.5,eBay,"San Jose, CA",San Jose,CA,California,CA,"San Jose, CA",10000+ employees,10000+,10000+,1995,Company - Public,Internet,Information Technology,$10+ billion (USD),"Amazon, Apple"
271,"Manager / Lead, Data Science & Analytics",Other,$91K-$150K ,$91,$150,4.1,ABIOMED,"Danvers, MA",Danvers,MA,Massachusetts,MA,"Danvers, MA",1001 to 5000 employees,1001,5000,1981,Company - Public,Biotech & Pharmaceuticals,Biotech & Pharmaceuticals,$100 to $500 million (USD),"Covidien, Boston Scientific"
275,Data Scientist,Data Scientist,$91K-$150K ,$91,$150,4.7,Lawrence Livermore National Lab,"Livermore, CA",Livermore,CA,California,CA,"Livermore, CA",1001 to 5000 employees,1001,5000,1952,Government,Federal Agencies,Government,$1 to $2 billion (USD),"Los Alamos National Laboratory, NASA Jet Propulsion Laboratory, Sandia National Laboratories"
277,Data Scientist,Data Scientist,$91K-$150K ,$91,$150,3.6,Jacobs,"Herndon, VA",Herndon,VA,Virginia,VA,"Dallas, TX",10000+ employees,10000+,10000+,1947,Company - Public,Architectural & Engineering Services,Business Services,$10+ billion (USD),"Fluor, Bechtel, AECOM"
279,Data Scientist,Data Scientist,$91K-$150K ,$91,$150,3.3,Underwriters Laboratories,"Northbrook, IL",Northbrook,IL,Illinois,IL,"Northbrook, IL",10000+ employees,10000+,10000+,1894,Company - Private,Consulting,Business Services,$2 to $5 billion (USD),"Intertek, SGS, Bureau Veritas"
283,Senior Analyst/Data Scientist,Data Scientist,$141K-$225K ,$141,$225,3.4,Edmunds.com,"Santa Monica, CA",Santa Monica,CA,California,CA,"Santa Monica, CA",501 to 1000 employees,501,1000,1966,Company - Private,Internet,Information Technology,$100 to $500 million (USD),"TrueCar, Cars.com, Kelley Blue Book"
286,Senior Data Scientist - R&D Oncology,Data Scientist,$141K-$225K ,$141,$225,4,AstraZeneca,"New York, NY",New York,NY,New York,NY,"Cambridge, United Kingdom",10000+ employees,10000+,10000+,1913,Company - Public,Biotech & Pharmaceuticals,Biotech & Pharmaceuticals,$10+ billion (USD),"Roche, GlaxoSmithKline, Novartis"
287,Data Scientist,Data Scientist,$141K-$225K ,$141,$225,4.2,Oshkosh Corporation,"Oshkosh, WI",Oshkosh,WI,Wisconsin,WI,"Oshkosh, WI",10000+ employees,10000+,10000+,1917,Company - Public,Transportation Equipment Manufacturing,Manufacturing,$5 to $10 billion (USD),"Lockheed Martin, Caterpillar, John Deere"
293,Data Scientist,Data Scientist,$141K-$225K ,$141,$225,3.7,Take-Two,"San Francisco, CA",San Francisco,CA,California,CA,"New York, NY",1001 to 5000 employees,1001,5000,1993,Company - Public,Video Games,Media,$1 to $2 billion (USD),"Activision Blizzard, Electronic Arts"
311,"Health Plan Data Analyst, Sr",Data Analyst,$145K-$225K,$145,$225,3.8,Cook Children's Health Care System,"Fort Worth, TX",Fort Worth,TX,Texas,TX,"Fort Worth, TX",5001 to 10000 employees,5001,10000,1918,Nonprofit Organization,Health Care Services & Hospitals,Health Care,$100 to $500 million (USD),"Children's Health, Texas Health Resources, Baylor Scott & White Health"
315,Data Scientist,Data Scientist,$145K-$225K,$145,$225,3.9,Criteo,"Ann Arbor, MI",Ann Arbor,MI,Michigan,MI,"Paris, France",1001 to 5000 employees,1001,5000,2005,Company - Public,Internet,Information Technology,$2 to $5 billion (USD),"MediaMath, Conversant, AppNexus"
321,"Development Scientist, Voltaren",Other,$145K-$225K,$145,$225,3.9,GSK,"Richmond, VA",Richmond,VA,Virginia,VA,"Brentford, United Kingdom",10000+ employees,10000+,10000+,1830,Company - Public,Biotech & Pharmaceuticals,Biotech & Pharmaceuticals,$10+ billion (USD),"Pfizer, AstraZeneca, Merck"
328,Data Scientist,Data Scientist,$79K-$147K ,$79,$147,3.4,FM Systems,"Boston, MA",Boston,MA,Massachusetts,MA,"Raleigh, NC",51 to 200 employees,51,200,1984,Company - Private,Computer Hardware & Software,Information Technology,$5 to $10 million (USD),"Archibus, iOffice, Planon"
330,Machine Learning Engineer,Machine Learning Engineer,$79K-$147K ,$79,$147,3.7,Mteq,"Fort Belvoir, VA",Fort Belvoir,VA,Virginia,VA,"Lorton, VA",501 to 1000 employees,501,1000,1954,Company - Public,Aerospace & Defense,Aerospace & Defense,$100 to $500 million (USD),"Harris, Fibertek"
336,Data Scientist,Data Scientist,$79K-$147K ,$79,$147,3.3,The Davey Tree Expert Company,"Kent, OH",Kent,OH,Ohio,OH,"Kent, OH",10000+ employees,10000+,10000+,1880,Self-employed,Timber Operations,Agriculture & Forestry,$1 to $2 billion (USD),"ACRT Services, Bartlett Tree Experts"
337,Data Scientist,Data Scientist,$79K-$147K ,$79,$147,4.6,Centauri,"Reston, VA",Reston,VA,Virginia,VA,"Chantilly, VA",501 to 1000 employees,501,1000,1999,Company - Private,Aerospace & Defense,Aerospace & Defense,$100 to $500 million (USD),"TASC, Vencore, Booz Allen Hamilton"
340,Data Analyst - Unilever Prestige,Data Analyst,$79K-$147K ,$79,$147,3.8,Dermalogica,"Carson, CA",Carson,CA,California,CA,"Carson, CA",201 to 500 employees,201,500,1986,Subsidiary or Business Segment,Consumer Products Manufacturing,Manufacturing,$100 to $500 million (USD),"IMAGE Skincare, Aveda, Kiehl's"
347,Data Engineer - Kafka,Data Engineer,$122K-$146K ,$122,$146,3.5,Western Digital,"San Jose, CA",San Jose,CA,California,CA,"San Jose, CA",10000+ employees,10000+,10000+,1970,Company - Public,Computer Hardware & Software,Information Technology,$10+ billion (USD),"Seagate Technology, Toshiba"
350,Data Scientist,Data Scientist,$122K-$146K ,$122,$146,4.7,Praxis Engineering,"Chantilly, VA",Chantilly,VA,Virginia,VA,"Annapolis Junction, MD",201 to 500 employees,201,500,2002,Subsidiary or Business Segment,Computer Hardware & Software,Information Technology,$100 to $500 million (USD),"Raytheon Technologies, Northrop Grumman, Booz Allen Hamilton"
352,Decision Scientist,Other,$122K-$146K ,$122,$146,4.5,Johns Hopkins University Applied Physics Laboratory,"Laurel, MD",Laurel,MD,Maryland,MD,"Laurel, MD",5001 to 10000 employees,5001,10000,1942,Nonprofit Organization,Aerospace & Defense,Aerospace & Defense,$1 to $2 billion (USD),"MIT Lincoln Laboratory, Lockheed Martin, Northrop Grumman"
365,Data Scientist,Data Scientist,$112K-$116K ,$112,$116,3.7,Takeda,"Cambridge, MA",Cambridge,MA,Massachusetts,MA,"OSAKA, Japan",10000+ employees,10000+,10000+,1781,Company - Public,Biotech & Pharmaceuticals,Biotech & Pharmaceuticals,$10+ billion (USD),"Novartis, Baxter, Pfizer"
367,ENGINEER - COMPUTER SCIENTIST - RESEARCH COMPUTER SCIENTIST - SIGNAL PROCESSING - SAN ANTONIO OR,Other,$112K-$116K ,$112,$116,3.9,Southwest Research Institute,"Oklahoma City, OK",Oklahoma City,OK,Oklahoma,OK,"San Antonio, TX",1001 to 5000 employees,1001,5000,1947,Nonprofit Organization,Research & Development,Business Services,$500 million to $1 billion (USD),"Los Alamos National Laboratory, Battelle, SRI International"
370,AI Ops Data Scientist,Data Scientist,$112K-$116K ,$112,$116,4,AstraZeneca,"Gaithersburg, MD",Gaithersburg,MD,Maryland,MD,"Cambridge, United Kingdom",10000+ employees,10000+,10000+,1913,Company - Public,Biotech & Pharmaceuticals,Biotech & Pharmaceuticals,$10+ billion (USD),"Roche, GlaxoSmithKline, Novartis"
375,Data Scientist,Data Scientist,$112K-$116K ,$112,$116,4.4,Eliassen Group,"Plano, TX",Plano,TX,Texas,TX,"Reading, MA",1001 to 5000 employees,1001,5000,1989,Company - Private,Staffing & Outsourcing,Business Services,$100 to $500 million (USD),"TEKsystems, Kforce, Randstad US"
386,Market Research Data Scientist,Data Scientist,$110K-$163K ,$110,$163,3.8,GutCheck,"Denver, CO",Denver,CO,Colorado,CO,"Denver, CO",51 to 200 employees,51,200,2009,Company - Private,Advertising & Marketing,Business Services,$10 to $25 million (USD),"Nielsen, Zappi, SurveyMonkey"
391,"Software Engineer (Data Scientist, C,C++,Linux,Unix) - SISW - MG",Data Scientist,$110K-$163K ,$110,$163,4.1,Mentor Graphics,"Fremont, CA",Fremont,CA,California,CA,"Wilsonville, OR",5001 to 10000 employees,5001,10000,1981,Company - Public,Computer Hardware & Software,Information Technology,$1 to $2 billion (USD),"Cadence Design Systems, Synopsys, Altium Limited"
395,Data Solutions Engineer - Data Modeler,Other,$110K-$163K ,$110,$163,3.4,Liberty Mutual Insurance,"Indianapolis, IN",Indianapolis,IN,Indiana,IN,"Boston, MA",10000+ employees,10000+,10000+,1912,Company - Private,Insurance Carriers,Insurance,$10+ billion (USD),"Travelers, Allstate, State Farm"
396,Data Scientist,Data Scientist,$110K-$163K ,$110,$163,4.3,Visionary Integration Professionals,"Washington, DC",Washington,DC,District of Columbia,DC,"Folsom, CA",501 to 1000 employees,501,1000,1996,Company - Private,IT Services,Information Technology,$100 to $500 million (USD),"CGI (Nevada), Accenture, Deloitte"
400,Senior Data Analyst,Data Analyst,$110K-$163K ,$110,$163,4.5,Novetta,"Herndon, VA",Herndon,VA,Virginia,VA,"Mc Lean, VA",501 to 1000 employees,501,1000,2012,Company - Private,Enterprise Software & Network Solutions,Information Technology,$100 to $500 million (USD),"Leidos, CACI International, Booz Allen Hamilton"
406,Product Data Scientist - Ads Data Science,Data Scientist,$124K-$198K ,$124,$198,4.1,Twitter,"San Francisco, CA",San Francisco,CA,California,CA,"San Francisco, CA",1001 to 5000 employees,1001,5000,2006,Company - Public,Internet,Information Technology,$2 to $5 billion (USD),"Facebook, Google, Pinterest"
417,Data Scientist,Data Scientist,$124K-$198K ,$124,$198,3.7,Booz Allen Hamilton Inc.,"Oxnard, CA",Oxnard,CA,California,CA,"Mc Lean, VA",10000+ employees,10000+,10000+,1914,Company - Public,Consulting,Business Services,$5 to $10 billion (USD),"Accenture, Deloitte, PwC"
418,Data Scientist,Data Scientist,$124K-$198K ,$124,$198,3.8,Burns & McDonnell,"Kansas City, MO",Kansas City,MO,Missouri,MO,"Kansas City, MO",5001 to 10000 employees,5001,10000,1898,Company - Private,Architectural & Engineering Services,Business Services,$1 to $2 billion (USD),"Bechtel Jacobs, Black & Veatch, HNTB"
420,Data Scientist,Data Scientist,$124K-$198K ,$124,$198,3.5,Robert Half,"Manchester, NH",Manchester,NH,New Hampshire,NH,"Menlo Park, CA",10000+ employees,10000+,10000+,1948,Company - Public,Staffing & Outsourcing,Business Services,$2 to $5 billion (USD),"Adecco, Manpower"
423,Data Scientist,Data Scientist,$124K-$198K ,$124,$198,3.9,Criteo,"Ann Arbor, MI",Ann Arbor,MI,Michigan,MI,"Paris, France",1001 to 5000 employees,1001,5000,2005,Company - Public,Internet,Information Technology,$2 to $5 billion (USD),"MediaMath, Conversant, AppNexus"
452,Data Scientist- Industrial Discrete Sector Industry,Data Scientist,$69K-$116K ,$69,$116,3.7,IBM,"Atlanta, GA",Atlanta,GA,Georgia,GA,"Armonk, NY",10000+ employees,10000+,10000+,1911,Company - Public,IT Services,Information Technology,$10+ billion (USD),"Amazon, Accenture, Microsoft"
453,Data Scientist,Data Scientist,$69K-$116K ,$69,$116,4.4,Knowesis Inc.,"Falls Church, VA",Falls Church,VA,Virginia,VA,"Fairfax, VA",51 to 200 employees,51,200,2007,Company - Private,Consulting,Business Services,$25 to $50 million (USD),"Booz Allen Hamilton, Deloitte, ERPi"
455,Data Scientist,Data Scientist,$69K-$116K ,$69,$116,3.3,The Davey Tree Expert Company,"Kent, OH",Kent,OH,Ohio,OH,"Kent, OH",10000+ employees,10000+,10000+,1880,Self-employed,Timber Operations,Agriculture & Forestry,$1 to $2 billion (USD),"ACRT Services, Bartlett Tree Experts"
463,Data Analyst - Unilever Prestige,Data Analyst,$69K-$116K ,$69,$116,3.8,Dermalogica,"Carson, CA",Carson,CA,California,CA,"Carson, CA",201 to 500 employees,201,500,1986,Subsidiary or Business Segment,Consumer Products Manufacturing,Manufacturing,$100 to $500 million (USD),"IMAGE Skincare, Aveda, Kiehl's"
468,Data Scientist,Data Scientist,$31K-$56K ,$31,$56,4,Grid Dynamics,"Santa Clara, CA",Santa Clara,CA,California,CA,"San Ramon, CA",1001 to 5000 employees,1001,5000,2006,Company - Private,Enterprise Software & Network Solutions,Information Technology,$50 to $100 million (USD),"Luxoft, EPAM, Capgemini Invent"
472,Data Engineer - Kafka,Data Engineer,$31K-$56K ,$31,$56,3.5,Western Digital,"San Jose, CA",San Jose,CA,California,CA,"San Jose, CA",10000+ employees,10000+,10000+,1970,Company - Public,Computer Hardware & Software,Information Technology,$10+ billion (USD),"Seagate Technology, Toshiba"
480,Data Scientist,Data Scientist,$31K-$56K ,$31,$56,4.7,Praxis Engineering,"Chantilly, VA",Chantilly,VA,Virginia,VA,"Annapolis Junction, MD",201 to 500 employees,201,500,2002,Subsidiary or Business Segment,Computer Hardware & Software,Information Technology,$100 to $500 million (USD),"Raytheon Technologies, Northrop Grumman, Booz Allen Hamilton"
482,Data Scientist,Data Scientist,$31K-$56K ,$31,$56,3.9,Apex Systems,"San Francisco, CA",San Francisco,CA,California,CA,"Glen Allen, VA",1001 to 5000 employees,1001,5000,1995,Subsidiary or Business Segment,Staffing & Outsourcing,Business Services,$2 to $5 billion (USD),"TEKsystems, Insight Global, Accenture"
484,Decision Scientist,Other,$31K-$56K ,$31,$56,4.5,Johns Hopkins University Applied Physics Laboratory,"Laurel, MD",Laurel,MD,Maryland,MD,"Laurel, MD",5001 to 10000 employees,5001,10000,1942,Nonprofit Organization,Aerospace & Defense,Aerospace & Defense,$1 to $2 billion (USD),"MIT Lincoln Laboratory, Lockheed Martin, Northrop Grumman"
492,Data Scientist,Data Scientist,$95K-$119K ,$95,$119,3.4,Dice.com,"Newton, MA",Newton,MA,Massachusetts,MA,"Denver, CO",201 to 500 employees,201,500,1990,Subsidiary or Business Segment,Staffing & Outsourcing,Business Services,$100 to $500 million (USD),"Monster Worldwide, CareerBuilder, Craigslist"
493,Data Scientist,Data Scientist,$95K-$119K ,$95,$119,3.5,Gap Inc.,"San Francisco, CA",San Francisco,CA,California,CA,"San Francisco, CA",10000+ employees,10000+,10000+,1969,Company - Public,"Department, Clothing, & Shoe Stores",Retail,$10+ billion (USD),"H&M, Inditex, Fast Retailing"
508,Senior Principal Data Scientist (Python/R),Data Scientist,$212K-$331K ,$212,$331,4.1,Roche,"Pleasanton, CA",Pleasanton,CA,California,CA,"Basel, Switzerland",10000+ employees,10000+,10000+,1896,Company - Public,Biotech & Pharmaceuticals,Biotech & Pharmaceuticals,$10+ billion (USD),"Novartis, AstraZeneca, Siemens Healthineers"
509,"Real World Science, Data Scientist",Data Scientist,$212K-$331K ,$212,$331,4,AstraZeneca,"Wilmington, DE",Wilmington,DE,Delaware,DE,"Cambridge, United Kingdom",10000+ employees,10000+,10000+,1913,Company - Public,Biotech & Pharmaceuticals,Biotech & Pharmaceuticals,$10+ billion (USD),"Roche, GlaxoSmithKline, Novartis"
516,ENGINEER - COMPUTER SCIENTIST - RESEARCH COMPUTER SCIENTIST - SIGNAL PROCESSING - SAN ANTONIO OR,Other,$212K-$331K ,$212,$331,3.9,Southwest Research Institute,"Oklahoma City, OK",Oklahoma City,OK,Oklahoma,OK,"San Antonio, TX",1001 to 5000 employees,1001,5000,1947,Nonprofit Organization,Research & Development,Business Services,$500 million to $1 billion (USD),"Los Alamos National Laboratory, Battelle, SRI International"
523,COMPUTER SCIENTIST - ENGINEER - RESEARCH COMPUTER SCIENTIST - SIGNAL PROCESSING,Other,$212K-$331K ,$212,$331,3.9,Southwest Research Institute,"Dayton, OH",Dayton,OH,Ohio,OH,"San Antonio, TX",1001 to 5000 employees,1001,5000,1947,Nonprofit Organization,Research & Development,Business Services,$500 million to $1 billion (USD),"Los Alamos National Laboratory, Battelle, SRI International"
535,Machine Learning Scientist / Engineer,Machine Learning Engineer,$66K-$112K ,$66,$112,4.1,Apple,"Santa Clara, CA",Santa Clara,CA,California,CA,"Cupertino, CA",10000+ employees,10000+,10000+,1976,Company - Public,Computer Hardware & Software,Information Technology,$10+ billion (USD),"Google, Microsoft, Samsung Electronics"
538,"Intelligence Data Analyst, Senior",Data Analyst,$66K-$112K ,$66,$112,4.3,The Buffalo Group,"Fort Belvoir, VA",Fort Belvoir,VA,Virginia,VA,"Reston, VA",501 to 1000 employees,501,1000,2010,Company - Private,IT Services,Information Technology,$100 to $500 million (USD),"ManTech, Booz Allen Hamilton, Leidos"
542,COMPUTER SCIENTIST - ENGINEER - RESEARCH COMPUTER SCIENTIST - TRANSPORTATION TECHNOLOGY,Other,$66K-$112K ,$66,$112,3.9,Southwest Research Institute,"San Antonio, TX",San Antonio,TX,Texas,TX,"San Antonio, TX",1001 to 5000 employees,1001,5000,1947,Nonprofit Organization,Research & Development,Business Services,$500 million to $1 billion (USD),"Los Alamos National Laboratory, Battelle, SRI International"
553,Software Engineer - Machine Learning & Data Science (Applied Intelligence Services Team),Machine Learning Engineer,$128K-$201K ,$128,$201,4.7,New Relic,"Portland, OR",Portland,OR,Oregon,OR,"San Francisco, CA",1001 to 5000 employees,1001,5000,2008,Company - Public,Computer Hardware & Software,Information Technology,$100 to $500 million (USD),"AppDynamics, Datadog, Dynatrace"
557,Data Scientist,Data Scientist,$128K-$201K ,$128,$201,3.3,ICW Group,"San Diego, CA",San Diego,CA,California,CA,"San Diego, CA",501 to 1000 employees,501,1000,1972,Company - Private,Insurance Carriers,Insurance,$500 million to $1 billion (USD),"Liberty Mutual Insurance, EMPLOYERS, Travelers"
558,Clinical Data Analyst,Data Analyst,$128K-$201K ,$128,$201,3.8,NYSTEC,"New York, NY",New York,NY,New York,NY,"Rome, NY",51 to 200 employees,51,200,1996,Nonprofit Organization,Consulting,Business Services,$25 to $50 million (USD),"KPMG, Accenture, Deloitte"
569,Aviation AI/ML Data Scientist,Data Scientist,$128K-$201K ,$128,$201,3.3,MITRE,"McLean, VA",McLean,VA,Virginia,VA,"Bedford, MA",5001 to 10000 employees,5001,10000,1958,Nonprofit Organization,Federal Agencies,Government,$1 to $2 billion (USD),"Battelle, General Atomics, SAIC"
572,"Machine Learning Engineer, Sr.",Machine Learning Engineer,$138K-$158K ,$138,$158,4.2,AeroVironment,"Simi Valley, CA",Simi Valley,CA,California,CA,"Simi Valley, CA",501 to 1000 employees,501,1000,1971,Company - Public,Aerospace & Defense,Aerospace & Defense,$100 to $500 million (USD),"General Atomics, Boeing, Northrop Grumman"
576,Senior Data Analyst,Data Analyst,$138K-$158K ,$138,$158,4.5,Novetta,"Herndon, VA",Herndon,VA,Virginia,VA,"Mc Lean, VA",501 to 1000 employees,501,1000,2012,Company - Private,Enterprise Software & Network Solutions,Information Technology,$100 to $500 million (USD),"Leidos, CACI International, Booz Allen Hamilton"
583,Lead Data Scientist â€“ Network Analysis and Control,Data Scientist,$138K-$158K ,$138,$158,3.3,MITRE,"Bedford, MA",Bedford,MA,Massachusetts,MA,"Bedford, MA",5001 to 10000 employees,5001,10000,1958,Nonprofit Organization,Federal Agencies,Government,$1 to $2 billion (USD),"Battelle, General Atomics, SAIC"
589,Hydrogen/Tritium Materials Scientist (Experienced),Other,$138K-$158K ,$138,$158,3.8,Sandia National Laboratories,"Livermore, CA",Livermore,CA,California,CA,"Albuquerque, NM",10000+ employees,10000+,10000+,1949,Government,Federal Agencies,Government,$2 to $5 billion (USD),"Los Alamos National Laboratory, Lawrence Livermore National Laboratory"
591,Patient Safety- Associate Data Scientist,Data Scientist,$80K-$132K ,$80,$132,4,AstraZeneca,"Gaithersburg, MD",Gaithersburg,MD,Maryland,MD,"Cambridge, United Kingdom",10000+ employees,10000+,10000+,1913,Company - Public,Biotech & Pharmaceuticals,Biotech & Pharmaceuticals,$10+ billion (USD),"Roche, GlaxoSmithKline, Novartis"
594,Data Scientist,Data Scientist,$80K-$132K ,$80,$132,3.9,GSK,"Collegeville, PA",Collegeville,PA,Pennsylvania,PA,"Brentford, United Kingdom",10000+ employees,10000+,10000+,1830,Company - Public,Biotech & Pharmaceuticals,Biotech & Pharmaceuticals,$10+ billion (USD),"Pfizer, AstraZeneca, Merck"
602,Decision Scientist,Other,$80K-$132K ,$80,$132,4.5,Johns Hopkins University Applied Physics Laboratory,"Laurel, MD",Laurel,MD,Maryland,MD,"Laurel, MD",5001 to 10000 employees,5001,10000,1942,Nonprofit Organization,Aerospace & Defense,Aerospace & Defense,$1 to $2 billion (USD),"MIT Lincoln Laboratory, Lockheed Martin, Northrop Grumman"
607,Data Scientist,Data Scientist,$80K-$132K ,$80,$132,4.2,UST Global,"Atlanta, GA",Atlanta,GA,Georgia,GA,"Aliso Viejo, CA",10000+ employees,10000+,10000+,1999,Company - Private,IT Services,Information Technology,$1 to $2 billion (USD),"Cognizant Technology Solutions, Infosys, Wipro"
614,Data Scientist,Data Scientist,$87K-$141K ,$87,$141,3.2,First Health Group,"Wellesley, MA",Wellesley,MA,Massachusetts,MA,"Bethesda, MD",10000+ employees,10000+,10000+,1853,Company - Private,Insurance Carriers,Insurance,$10+ billion (USD),Humana
617,Data Scientist,Data Scientist,$87K-$141K ,$87,$141,4.2,UST Global,"Atlanta, GA",Atlanta,GA,Georgia,GA,"Aliso Viejo, CA",10000+ employees,10000+,10000+,1999,Company - Private,IT Services,Information Technology,$1 to $2 billion (USD),"Cognizant Technology Solutions, Infosys, Wipro"
626,Data Scientist/Data Analytics Practitioner,Data Scientist,$87K-$141K ,$87,$141,4,Noblis,"Bridgeport, WV",Bridgeport,WV,West Virginia,WV,"Reston, VA",1001 to 5000 employees,1001,5000,1996,Nonprofit Organization,Consulting,Business Services,$100 to $500 million (USD),"Booz Allen Hamilton, SAIC, LMI"
644,Data Scientist,Data Scientist,$92K-$155K ,$92,$155,3.5,CACI International,"Chantilly, VA",Chantilly,VA,Virginia,VA,"Arlington, VA",10000+ employees,10000+,10000+,1962,Company - Public,Aerospace & Defense,Aerospace & Defense,$2 to $5 billion (USD),"CSC, ManTech, SAIC"
645,"AI/ML - Machine Learning Scientist, Siri Understanding",Machine Learning Engineer,$92K-$155K ,$92,$155,4.1,Apple,"Santa Clara, CA",Santa Clara,CA,California,CA,"Cupertino, CA",10000+ employees,10000+,10000+,1976,Company - Public,Computer Hardware & Software,Information Technology,$10+ billion (USD),"Google, Microsoft, Samsung Electronics"
647,ENGINEER - COMPUTER SCIENTIST - RESEARCH COMPUTER SCIENTIST - SIGNAL PROCESSING - SAN ANTONIO OR,Other,$92K-$155K ,$92,$155,3.9,Southwest Research Institute,"Oklahoma City, OK",Oklahoma City,OK,Oklahoma,OK,"San Antonio, TX",1001 to 5000 employees,1001,5000,1947,Nonprofit Organization,Research & Development,Business Services,$500 million to $1 billion (USD),"Los Alamos National Laboratory, Battelle, SRI International"
651,AI Ops Data Scientist,Data Scientist,$92K-$155K ,$92,$155,4,AstraZeneca,"Gaithersburg, MD",Gaithersburg,MD,Maryland,MD,"Cambridge, United Kingdom",10000+ employees,10000+,10000+,1913,Company - Public,Biotech & Pharmaceuticals,Biotech & Pharmaceuticals,$10+ billion (USD),"Roche, GlaxoSmithKline, Novartis"
652,Senior Data Scientist,Data Scientist,$105K-$167K ,$105,$167,3.8,GutCheck,"Denver, CO",Denver,CO,Colorado,CO,"Denver, CO",51 to 200 employees,51,200,2009,Company - Private,Advertising & Marketing,Business Services,$10 to $25 million (USD),"Nielsen, Zappi, SurveyMonkey"
666,Data Scientist,Data Scientist,$105K-$167K ,$105,$167,4,Foundation Medicine,"Boston, MA",Boston,MA,Massachusetts,MA,"Cambridge, MA",1001 to 5000 employees,1001,5000,2010,Company - Public,Biotech & Pharmaceuticals,Biotech & Pharmaceuticals,$100 to $500 million (USD),"Genomic Health, Myriad Genetics, The Broad Institute"
